scenario,model,threshold,accuracy,balanced_accuracy,precision_1,recall_1,f1_1,mcc,roc_auc,pr_auc,fp,fn,total_cost,avg_cost
cost_1_1,baseline_keras,0.9207070707070707,0.9373746059042706,0.5695033386805113,0.6464968152866242,0.14468995010691377,0.23645894001164822,0.28596809589293226,0.8404195271489925,0.37588281250883,111,1200,1311,0.06262539409572944
cost_1_10,baseline_keras,0.5643434343434344,0.8549250023884589,0.7661241830110679,0.266304347826087,0.6635780470420527,0.38007756685037763,0.35683821950382255,0.8404195271489925,0.37588281250883,2565,472,7285,0.3479984713862616
cost_1_1,heterogeneous_mlp,0.9108080808080807,0.9370879908283176,0.581919333385714,0.6085858585858586,0.17177476835352815,0.2679266259032796,0.3007328105370793,0.865212486551617,0.3980583669131988,155,1162,1317,0.06291200917168244
cost_1_10,heterogeneous_mlp,0.5296969696969697,0.8178083500525462,0.7885724224511699,0.23382645175535438,0.7548111190306486,0.35704652730950776,0.3504988672037034,0.865212486551617,0.3980583669131988,3470,344,6910,0.3300850291391994
